Muestras;6144;milis;8360
muestra #;lectura(mA)
0;35.80
1;35.80
2;35.80
3;35.80
4;35.90
5;35.90
6;35.80
7;35.80
8;35.80
9;35.90
10;35.90
11;35.80
12;35.80
13;35.80
14;35.80
15;35.80
16;35.90
17;35.80
18;35.80
19;35.80
20;35.80
21;35.80
22;35.90
23;35.80
24;35.90
25;35.90
26;41.40
27;41.90
28;41.90
29;44.00
30;51.60
31;51.60
32;51.60
33;51.30
34;51.70
35;52.10
36;51.70
37;51.90
38;52.70
39;52.70
40;51.70
41;51.30
42;51.80
43;51.30
44;51.30
45;54.20
46;53.80
47;53.80
48;53.80
49;53.90
50;54.10
51;54.20
52;54.20
53;54.00
54;53.80
55;53.70
56;52.40
57;52.00
58;22.50
59;22.50
60;22.40
61;22.40
62;22.40
63;25.40
64;47.30
65;53.50
66;42.80
67;51.80
68;51.50
69;150.20
70;150.10
71;150.20
72;150.50
73;151.60
74;151.10
75;150.20
76;148.30
77;150.10
78;150.60
79;151.90
80;147.40
81;150.20
82;151.20
83;151.40
84;82.90
85;87.20
86;88.70
87;86.40
88;88.70
89;90.10
90;87.90
91;88.00
92;88.70
93;87.20
94;89.00
95;88.90
96;95.20
97;105.30
98;105.80
99;105.80
100;105.80
101;104.20
102;98.90
103;97.90
104;98.00
105;102.20
106;103.30
107;101.60
108;101.20
109;101.30
110;100.90
111;100.30
112;101.00
113;100.60
114;100.60
115;101.20
116;101.30
117;101.20
118;101.50
119;100.30
120;99.20
121;96.60
122;105.40
123;105.30
124;105.40
125;105.40
126;97.50
127;97.50
128;97.40
129;97.50
130;102.60
131;100.80
132;100.80
133;100.80
134;101.20
135;101.10
136;101.00
137;101.10
138;101.10
139;101.10
140;101.10
141;101.10
142;101.10
143;101.10
144;98.00
145;97.10
146;88.50
147;87.50
148;87.70
149;87.80
150;87.30
151;89.20
152;89.20
153;89.20
154;89.20
155;89.20
156;89.00
157;89.50
158;91.00
159;89.20
160;89.00
161;88.80
162;89.40
163;89.50
164;95.10
165;113.50
166;141.60
167;86.70
168;86.60
169;86.80
170;87.60
171;87.40
172;88.70
173;88.70
174;88.80
175;88.70
176;88.70
177;88.70
178;88.50
179;88.80
180;88.70
181;88.90
182;88.70
183;88.80
184;88.90
185;88.60
186;89.00
187;88.90
188;88.30
189;89.00
190;88.40
191;88.60
192;88.70
193;88.60
194;88.70
195;89.70
196;88.70
197;88.70
198;88.70
199;88.70
200;89.00
201;89.00
202;89.00
203;89.00
204;89.00
205;88.90
206;89.00
207;89.00
208;88.90
209;88.60
210;88.50
211;88.50
212;88.50
213;88.60
214;88.60
215;89.90
216;89.30
217;89.00
218;89.10
219;88.20
220;89.00
221;89.20
222;88.60
223;88.60
224;88.70
225;89.20
226;89.20
227;88.60
228;88.60
229;89.10
230;88.70
231;89.00
232;89.10
233;89.30
234;89.10
235;88.60
236;89.00
237;88.30
238;88.40
239;88.50
240;126.70
241;87.00
242;88.00
243;86.70
244;86.90
245;88.10
246;89.30
247;88.80
248;88.80
249;89.10
250;89.30
251;89.00
252;88.70
253;88.50
254;88.60
255;88.50
256;93.10
257;163.40
258;88.40
259;86.80
260;86.90
261;87.50
262;89.90
263;89.90
264;89.50
265;89.10
266;89.10
267;89.00
268;89.00
269;89.00
270;91.00
271;88.90
272;89.00
273;88.50
274;89.10
275;89.30
276;89.30
277;89.30
278;88.90
279;89.00
280;89.00
281;88.70
282;89.10
283;89.10
284;89.10
285;89.10
286;88.90
287;88.60
288;88.60
289;89.60
290;88.80
291;89.10
292;89.60
293;89.60
294;88.50
295;88.60
296;88.60
297;89.00
298;89.00
299;89.00
300;88.60
301;88.60
302;88.60
303;88.70
304;89.00
305;89.10
306;88.80
307;88.90
308;89.10
309;89.00
310;88.80
311;88.80
312;89.00
313;88.80
314;88.80
315;89.00
316;88.80
317;89.10
318;88.40
319;88.70
320;88.80
321;88.80
322;88.70
323;88.80
324;88.80
325;88.80
326;88.60
327;88.90
328;88.70
329;89.20
330;89.60
331;89.20
332;88.70
333;88.50
334;88.70
335;88.80
336;89.00
337;89.40
338;88.70
339;89.40
340;89.50
341;88.60
342;89.30
343;88.90
344;88.90
345;90.40
346;89.10
347;89.50
348;89.20
349;90.10
350;89.40
351;89.40
352;89.40
353;89.30
354;89.30
355;89.50
356;89.40
357;89.30
358;90.20
359;89.50
360;89.60
361;89.50
362;89.20
363;89.20
364;89.20
365;89.10
366;89.10
367;89.20
368;93.50
369;165.80
370;87.00
371;88.80
372;88.80
373;88.70
374;89.20
375;89.10
376;90.10
377;90.10
378;90.10
379;89.30
380;89.50
381;89.50
382;89.90
383;90.10
384;89.50
385;89.20
386;88.90
387;87.00
388;88.90
389;90.20
390;89.30
391;88.60
392;89.00
393;90.50
394;90.50
395;89.80
396;90.00
397;90.00
398;89.60
399;88.80
400;90.10
401;90.10
402;90.00
403;89.30
404;89.40
405;89.90
406;90.10
407;90.20
408;89.50
409;89.20
410;89.90
411;90.20
412;90.10
413;90.10
414;89.80
415;89.90
416;90.00
417;90.10
418;89.80
419;89.90
420;87.20
421;90.00
422;90.20
423;90.00
424;89.20
425;88.70
426;89.70
427;89.40
428;89.30
429;90.00
430;90.00
431;89.70
432;89.90
433;89.90
434;89.30
435;89.30
436;89.60
437;90.00
438;90.10
439;89.80
440;88.40
441;90.00
442;90.10
443;90.10
444;89.90
445;89.10
446;89.60
447;89.70
448;89.90
449;90.00
450;89.10
451;89.70
452;89.20
453;90.00
454;89.90
455;90.00
456;90.20
457;91.40
458;89.60
459;88.70
460;88.70
461;88.70
462;88.90
463;88.80
464;89.40
465;89.40
466;93.40
467;88.20
468;87.50
469;87.50
470;87.40
471;86.90
472;88.70
473;88.60
474;88.80
475;90.40
476;89.40
477;88.60
478;88.70
479;88.60
480;93.40
481;88.90
482;87.80
483;87.40
484;87.20
485;86.20
486;87.50
487;89.40
488;89.50
489;90.00
490;89.30
491;88.10
492;89.20
493;90.20
494;89.50
495;89.90
496;89.80
497;89.90
498;89.30
499;88.80
500;89.60
501;90.00
502;89.40
503;89.40
504;89.40
505;89.60
506;89.50
507;89.30
508;90.10
509;90.20
510;89.70
511;90.10
512;89.30
513;91.40
514;89.60
515;89.60
516;89.50
517;89.90
518;89.50
519;89.80
520;89.70
521;89.50
522;89.70
523;89.80
524;89.60
525;89.30
526;89.40
527;89.70
528;89.10
529;89.50
530;89.50
531;90.30
532;89.20
533;89.60
534;89.70
535;89.70
536;89.80
537;89.70
538;90.30
539;90.80
540;89.60
541;90.80
542;90.00
543;89.20
544;89.70
545;89.40
546;89.20
547;89.90
548;89.80
549;89.50
550;90.00
551;89.50
552;87.20
553;90.30
554;89.50
555;89.60
556;90.30
557;87.00
558;89.70
559;89.50
560;89.60
561;89.70
562;89.90
563;90.40
564;90.00
565;89.50
566;89.50
567;89.80
568;89.90
569;91.30
570;89.60
571;88.60
572;89.80
573;88.80
574;89.20
575;89.30
576;89.30
577;89.40
578;89.30
579;88.60
580;92.10
581;88.70
582;88.70
583;88.70
584;88.70
585;88.70
586;88.80
587;88.70
588;88.70
589;88.70
590;88.90
591;88.50
592;92.60
593;162.90
594;85.20
595;84.30
596;88.00
597;87.90
598;87.10
599;88.80
600;89.90
601;89.80
602;89.60
603;89.60
604;89.80
605;89.00
606;89.00
607;89.50
608;89.70
609;89.10
610;89.10
611;88.80
612;88.90
613;88.90
614;88.70
615;89.30
616;88.90
617;88.90
618;89.40
619;89.00
620;89.70
621;89.70
622;89.70
623;89.70
624;88.90
625;88.90
626;88.90
627;89.30
628;89.30
629;89.20
630;89.20
631;88.90
632;88.80
633;88.80
634;89.30
635;87.60
636;89.30
637;88.80
638;88.90
639;89.00
640;88.90
641;88.90
642;88.90
643;89.50
644;89.80
645;89.70
646;87.40
647;88.10
648;89.20
649;88.90
650;85.90
651;88.90
652;88.80
653;88.60
654;89.40
655;88.90
656;88.90
657;89.00
658;89.20
659;89.80
660;89.80
661;89.30
662;88.90
663;89.20
664;88.80
665;89.20
666;88.80
667;88.40
668;88.90
669;88.80
670;88.20
671;87.60
672;85.80
673;89.20
674;88.80
675;88.80
676;88.90
677;88.80
678;85.70
679;88.30
680;88.90
681;88.90
682;90.00
683;89.70
684;89.80
685;89.70
686;89.70
687;89.30
688;89.30
689;89.20
690;89.30
691;89.30
692;89.70
693;172.70
694;89.00
695;88.60
696;88.50
697;88.50
698;88.00
699;89.80
700;89.70
701;89.60
702;90.50
703;89.20
704;93.20
705;150.50
706;89.00
707;88.20
708;91.80
709;91.80
710;87.20
711;89.00
712;89.00
713;91.70
714;92.00
715;89.00
716;90.00
717;89.70
718;89.40
719;90.60
720;90.60
721;85.80
722;88.90
723;89.30
724;89.30
725;89.30
726;88.50
727;89.00
728;89.30
729;89.20
730;89.20
731;89.70
732;89.70
733;89.70
734;88.90
735;89.30
736;89.00
737;89.10
738;89.10
739;88.70
740;89.60
741;89.70
742;89.80
743;89.60
744;89.10
745;89.20
746;89.20
747;88.90
748;89.10
749;89.10
750;89.10
751;88.90
752;88.90
753;89.20
754;89.10
755;89.20
756;88.80
757;89.20
758;89.10
759;88.60
760;89.20
761;89.10
762;89.20
763;88.70
764;88.60
765;93.90
766;89.70
767;89.70
768;89.30
769;88.90
770;89.20
771;89.20
772;89.00
773;89.60
774;89.70
775;89.50
776;89.20
777;89.30
778;89.20
779;89.20
780;89.10
781;89.20
782;89.10
783;89.10
784;89.10
785;89.20
786;89.20
787;89.20
788;89.30
789;89.20
790;89.30
791;89.40
792;89.00
793;90.10
794;92.30
795;90.20
796;88.80
797;88.70
798;89.40
799;89.40
800;89.50
801;88.80
802;89.10
803;88.90
804;89.30
805;99.60
806;87.50
807;87.40
808;87.40
809;87.40
810;89.10
811;89.30
812;135.70
813;88.30
814;87.80
815;87.80
816;91.10
817;119.60
818;91.70
819;87.20
820;89.30
821;87.60
822;87.70
823;89.40
824;89.50
825;88.10
826;89.50
827;89.80
828;89.90
829;89.00
830;89.30
831;86.30
832;85.80
833;85.80
834;87.80
835;88.60
836;88.60
837;89.00
838;88.90
839;88.50
840;89.30
841;89.00
842;89.00
843;89.20
844;89.50
845;89.90
846;89.30
847;89.90
848;85.90
849;87.90
850;89.00
851;89.10
852;88.70
853;89.10
854;89.00
855;89.10
856;89.10
857;89.20
858;89.30
859;89.00
860;89.20
861;89.10
862;88.70
863;89.00
864;88.90
865;88.80
866;89.00
867;89.00
868;88.80
869;89.40
870;89.90
871;88.90
872;88.70
873;89.10
874;89.00
875;87.40
876;88.30
877;89.00
878;89.70
879;89.20
880;89.30
881;89.00
882;90.40
883;89.50
884;88.50
885;89.00
886;89.00
887;89.00
888;89.30
889;89.40
890;89.10
891;89.10
892;89.10
893;88.90
894;89.00
895;89.20
896;90.20
897;89.80
898;89.80
899;89.80
900;89.00
901;89.20
902;88.90
903;89.00
904;88.70
905;89.00
906;92.30
907;88.80
908;89.00
909;89.10
910;88.60
911;88.70
912;88.70
913;88.70
914;88.60
915;88.90
916;88.80
917;88.80
918;89.00
919;88.80
920;153.00
921;104.70
922;86.90
923;86.80
924;86.90
925;87.10
926;88.90
927;89.10
928;91.70
929;90.90
930;101.20
931;88.60
932;88.60
933;88.00
934;87.80
935;88.90
936;89.50
937;88.90
938;90.00
939;89.20
940;89.20
941;89.00
942;89.20
943;89.20
944;89.00
945;89.20
946;89.20
947;89.10
948;89.10
949;89.30
950;89.30
951;90.50
952;90.30
953;90.00
954;89.60
955;89.00
956;89.10
957;89.10
958;89.10
959;90.10
960;90.00
961;89.80
962;89.10
963;88.80
964;88.70
965;89.00
966;89.00
967;89.10
968;89.20
969;89.20
970;89.80
971;89.60
972;89.10
973;89.20
974;89.10
975;89.90
976;89.20
977;89.80
978;89.80
979;89.50
980;89.50
981;89.20
982;89.20
983;89.20
984;89.30
985;89.20
986;88.80
987;89.20
988;89.20
989;89.00
990;89.20
991;90.00
992;89.20
993;89.00
994;89.60
995;89.20
996;89.10
997;89.30
998;89.30
999;89.20
1000;89.20
1001;88.70
1002;89.20
1003;89.20
1004;88.80
1005;89.10
1006;89.10
1007;89.00
1008;89.10
1009;89.20
1010;89.00
1011;89.70
1012;90.40
1013;88.40
1014;89.90
1015;89.20
1016;89.10
1017;92.60
1018;88.50
1019;89.40
1020;88.80
1021;88.80
1022;88.70
1023;88.70
1024;88.70
1025;88.80
1026;89.80
1027;89.40
1028;89.10
1029;89.50
1030;89.50
1031;89.40
1032;89.30
1033;89.30
1034;89.40
1035;89.50
1036;89.30
1037;89.40
1038;89.30
1039;90.50
1040;94.70
1041;112.50
1042;87.70
1043;88.30
1044;87.50
1045;87.20
1046;90.00
1047;90.30
1048;89.70
1049;90.20
1050;90.20
1051;89.90
1052;90.10
1053;90.20
1054;90.10
1055;90.00
1056;90.20
1057;90.10
1058;89.90
1059;90.10
1060;90.20
1061;90.10
1062;90.10
1063;89.90
1064;89.80
1065;89.80
1066;89.50
1067;90.30
1068;89.80
1069;90.10
1070;90.20
1071;90.10
1072;90.20
1073;90.00
1074;90.10
1075;90.10
1076;90.20
1077;90.20
1078;90.10
1079;90.10
1080;90.00
1081;90.20
1082;90.20
1083;90.10
1084;89.70
1085;90.20
1086;90.10
1087;90.10
1088;90.10
1089;90.10
1090;90.20
1091;89.80
1092;90.10
1093;90.10
1094;90.20
1095;90.10
1096;89.30
1097;89.50
1098;89.20
1099;87.20
1100;90.10
1101;90.20
1102;90.20
1103;89.30
1104;89.40
1105;89.50
1106;89.90
1107;89.50
1108;90.00
1109;90.20
1110;89.90
1111;89.20
1112;90.00
1113;90.10
1114;90.00
1115;89.90
1116;90.10
1117;89.80
1118;90.30
1119;90.20
1120;90.00
1121;89.30
1122;89.40
1123;89.90
1124;90.20
1125;90.20
1126;89.80
1127;90.10
1128;89.70
1129;92.80
1130;88.90
1131;89.30
1132;89.50
1133;89.30
1134;89.30
1135;89.60
1136;89.30
1137;89.30
1138;89.10
1139;89.00
1140;89.10
1141;89.00
1142;89.00
1143;89.00
1144;139.10
1145;116.80
1146;87.60
1147;87.40
1148;87.20
1149;87.50
1150;88.60
1151;89.70
1152;89.10
1153;121.40
1154;87.50
1155;87.50
1156;87.30
1157;87.50
1158;88.60
1159;89.10
1160;88.90
1161;89.00
1162;88.70
1163;88.60
1164;89.50
1165;89.30
1166;89.10
1167;89.10
1168;88.90
1169;88.90
1170;89.00
1171;89.40
1172;88.90
1173;88.70
1174;88.70
1175;88.90
1176;89.40
1177;89.40
1178;89.50
1179;89.20
1180;89.20
1181;89.20
1182;89.30
1183;89.30
1184;88.80
1185;88.90
1186;89.00
1187;89.40
1188;89.20
1189;88.90
1190;88.80
1191;89.00
1192;88.90
1193;88.90
1194;89.30
1195;89.20
1196;89.40
1197;89.50
1198;89.60
1199;89.10
1200;89.60
1201;89.50
1202;89.50
1203;89.30
1204;89.30
1205;89.30
1206;89.30
1207;89.40
1208;89.40
1209;89.40
1210;89.40
1211;89.30
1212;89.50
1213;89.50
1214;89.40
1215;88.80
1216;89.00
1217;89.10
1218;89.50
1219;89.70
1220;88.90
1221;88.90
1222;89.00
1223;89.10
1224;89.20
1225;89.40
1226;89.60
1227;89.30
1228;89.40
1229;89.60
1230;89.20
1231;89.70
1232;89.60
1233;89.30
1234;89.00
1235;89.20
1236;89.30
1237;89.20
1238;89.20
1239;88.80
1240;88.90
1241;93.20
1242;88.50
1243;88.80
1244;89.00
1245;89.90
1246;89.10
1247;89.20
1248;89.00
1249;89.90
1250;88.70
1251;89.70
1252;89.20
1253;89.20
1254;89.20
1255;89.20
1256;89.20
1257;89.40
1258;89.20
1259;89.40
1260;89.10
1261;89.10
1262;89.20
1263;88.60
1264;148.90
1265;89.10
1266;90.10
1267;87.30
1268;88.00
1269;87.60
1270;89.40
1271;89.40
1272;89.40
1273;89.40
1274;89.30
1275;88.60
1276;88.90
1277;89.40
1278;89.00
1279;89.40
1280;89.40
1281;89.40
1282;89.30
1283;89.30
1284;89.30
1285;89.30
1286;89.40
1287;89.40
1288;89.30
1289;89.40
1290;89.40
1291;88.50
1292;88.60
1293;88.70
1294;88.40
1295;88.70
1296;89.10
1297;88.80
1298;89.10
1299;89.30
1300;89.30
1301;89.30
1302;89.30
1303;89.30
1304;89.40
1305;89.60
1306;89.30
1307;89.20
1308;89.30
1309;89.30
1310;89.40
1311;89.20
1312;89.40
1313;89.30
1314;89.20
1315;89.40
1316;89.00
1317;89.60
1318;89.10
1319;89.40
1320;89.30
1321;89.40
1322;89.40
1323;89.30
1324;89.20
1325;88.90
1326;89.00
1327;89.00
1328;89.00
1329;88.60
1330;89.00
1331;89.60
1332;89.60
1333;89.30
1334;89.30
1335;89.20
1336;89.70
1337;89.30
1338;89.30
1339;89.30
1340;89.50
1341;88.80
1342;89.50
1343;88.90
1344;88.90
1345;88.80
1346;89.00
1347;89.40
1348;89.30
1349;89.20
1350;88.70
1351;88.90
1352;90.10
1353;89.10
1354;89.20
1355;89.30
1356;89.00
1357;89.20
1358;89.10
1359;91.20
1360;88.90
1361;89.20
1362;89.20
1363;89.30
1364;89.10
1365;89.40
1366;89.40
1367;89.30
1368;89.20
1369;89.00
1370;127.40
1371;129.20
1372;88.10
1373;88.00
1374;88.00
1375;91.30
1376;89.60
1377;89.60
1378;89.70
1379;89.80
1380;90.00
1381;90.10
1382;90.00
1383;89.70
1384;89.50
1385;89.60
1386;89.50
1387;89.60
1388;89.50
1389;89.60
1390;89.60
1391;90.10
1392;90.50
1393;89.90
1394;89.70
1395;89.60
1396;89.60
1397;89.60
1398;89.60
1399;89.60
1400;89.30
1401;89.20
1402;89.20
1403;90.10
1404;90.00
1405;90.10
1406;89.80
1407;89.50
1408;89.80
1409;89.40
1410;89.30
1411;89.10
1412;89.60
1413;89.60
1414;89.60
1415;89.60
1416;89.60
1417;90.10
1418;89.60
1419;89.10
1420;89.10
1421;89.10
1422;89.10
1423;89.80
1424;89.60
1425;89.60
1426;89.70
1427;89.60
1428;90.00
1429;90.00
1430;89.60
1431;89.80
1432;89.50
1433;89.50
1434;89.50
1435;89.60
1436;89.50
1437;89.60
1438;89.60
1439;89.50
1440;89.50
1441;89.90
1442;89.60
1443;89.00
1444;89.20
1445;89.10
1446;89.80
1447;89.70
1448;89.70
1449;89.60
1450;89.60
1451;89.60
1452;89.50
1453;89.90
1454;89.90
1455;89.90
1456;90.10
1457;90.00
1458;90.00
1459;89.50
1460;89.50
1461;89.70
1462;89.60
1463;89.60
1464;89.60
1465;89.60
1466;89.80
1467;90.20
1468;90.20
1469;89.20
1470;89.90
1471;89.60
1472;89.60
1473;89.50
1474;89.50
1475;89.60
1476;89.40
1477;89.50
1478;89.60
1479;89.50
1480;89.90
1481;89.50
1482;89.90
1483;89.50
1484;89.70
1485;90.00
1486;89.90
1487;89.90
1488;90.00
1489;89.50
1490;89.50
1491;89.80
1492;89.80
1493;89.90
1494;89.80
1495;89.90
1496;89.80
1497;89.30
1498;89.20
1499;89.20
1500;89.80
1501;89.60
1502;89.80
1503;90.00
1504;89.90
1505;90.10
1506;89.80
1507;89.60
1508;89.50
1509;89.50
1510;89.50
1511;89.80
1512;89.50
1513;89.80
1514;89.90
1515;89.90
1516;89.80
1517;90.00
1518;89.60
1519;90.00
1520;89.60
1521;89.70
1522;89.40
1523;89.90
1524;89.60
1525;89.40
1526;89.40
1527;89.50
1528;89.50
1529;89.50
1530;89.50
1531;89.50
1532;89.50
1533;89.40
1534;89.40
1535;90.10
1536;89.20
1537;89.20
1538;89.20
1539;90.40
1540;89.20
1541;89.60
1542;90.10
1543;90.20
1544;91.60
1545;89.40
1546;89.20
1547;90.00
1548;89.80
1549;89.50
1550;89.60
1551;89.50
1552;89.80
1553;89.90
1554;89.60
1555;89.80
1556;89.60
1557;89.50
1558;89.70
1559;90.10
1560;89.50
1561;89.60
1562;89.40
1563;89.50
1564;90.00
1565;89.50
1566;89.60
1567;89.40
1568;89.90
1569;89.80
1570;90.10
1571;89.80
1572;89.50
1573;89.20
1574;89.30
1575;89.20
1576;89.90
1577;89.60
1578;89.70
1579;89.50
1580;89.30
1581;89.20
1582;89.70
1583;89.50
1584;89.50
1585;89.90
1586;89.80
1587;89.10
1588;89.60
1589;89.50
1590;89.50
1591;89.50
1592;89.50
1593;90.10
1594;90.30
1595;89.50
1596;89.70
1597;89.50
1598;89.40
1599;89.60
1600;89.70
1601;89.40
1602;89.40
1603;89.40
1604;89.40
1605;90.00
1606;89.50
1607;89.40
1608;89.50
1609;89.50
1610;89.50
1611;89.90
1612;90.10
1613;89.50
1614;89.50
1615;89.60
1616;90.20
1617;90.30
1618;90.00
1619;90.00
1620;90.00
1621;89.90
1622;89.90
1623;89.90
1624;89.10
1625;89.30
1626;89.30
1627;89.30
1628;89.20
1629;89.90
1630;90.10
1631;89.10
1632;89.20
1633;89.10
1634;89.50
1635;90.20
1636;89.40
1637;89.50
1638;89.50
1639;89.50
1640;91.80
1641;89.00
1642;88.90
1643;88.90
1644;89.00
1645;89.00
1646;89.10
1647;89.10
1648;88.80
1649;89.50
1650;89.00
1651;89.00
1652;88.90
1653;89.00
1654;89.10
1655;92.00
1656;89.40
1657;89.40
1658;89.30
1659;89.20
1660;88.80
1661;88.80
1662;88.90
1663;89.20
1664;89.50
1665;89.50
1666;89.40
1667;89.40
1668;89.70
1669;89.70
1670;88.60
1671;88.80
1672;88.80
1673;88.80
1674;88.70
1675;89.30
1676;89.30
1677;88.90
1678;89.40
1679;89.40
1680;89.50
1681;89.40
1682;89.30
1683;89.30
1684;89.40
1685;89.00
1686;88.80
1687;89.40
1688;89.40
1689;89.30
1690;89.40
1691;89.80
1692;89.40
1693;89.60
1694;89.60
1695;89.70
1696;89.60
1697;89.50
1698;89.50
1699;89.50
1700;88.70
1701;88.70
1702;88.70
1703;89.50
1704;89.00
1705;89.70
1706;89.40
1707;89.30
1708;89.70
1709;90.00
1710;89.40
1711;89.50
1712;89.20
1713;89.30
1714;89.40
1715;88.60
1716;89.20
1717;89.50
1718;89.50
1719;89.40
1720;89.40
1721;89.30
1722;89.50
1723;89.40
1724;89.60
1725;89.40
1726;88.70
1727;88.70
1728;89.30
1729;89.50
1730;89.40
1731;89.40
1732;89.40
1733;89.50
1734;89.50
1735;89.20
1736;89.30
1737;89.30
1738;89.30
1739;89.30
1740;89.60
1741;89.40
1742;89.30
1743;89.40
1744;89.90
1745;88.80
1746;88.70
1747;88.80
1748;88.70
1749;88.70
1750;88.70
1751;88.80
1752;89.50
1753;89.40
1754;89.30
1755;89.50
1756;89.40
1757;89.60
1758;89.20
1759;88.90
1760;88.70
1761;88.90
1762;88.90
1763;88.90
1764;89.60
1765;89.40
1766;89.60
1767;89.90
1768;89.30
1769;89.50
1770;89.50
1771;89.30
1772;89.30
1773;89.40
1774;89.40
1775;89.40
1776;89.30
1777;88.80
1778;88.70
1779;88.70
1780;88.80
1781;89.50
1782;88.70
1783;88.70
1784;89.00
1785;89.00
1786;89.50
1787;89.50
1788;89.10
1789;89.20
1790;89.20
1791;89.30
1792;89.20
1793;89.20
1794;89.30
1795;89.40
1796;89.40
1797;89.60
1798;89.50
1799;89.50
1800;89.50
1801;89.50
1802;89.50
1803;89.40
1804;89.30
1805;89.60
1806;89.60
1807;89.50
1808;89.20
1809;89.10
1810;89.50
1811;89.60
1812;89.30
1813;89.20
1814;89.40
1815;89.20
1816;89.20
1817;89.40
1818;89.40
1819;89.40
1820;89.50
1821;89.50
1822;88.90
1823;89.30
1824;89.40
1825;89.40
1826;89.30
1827;89.50
1828;89.20
1829;89.50
1830;89.40
1831;89.30
1832;89.60
1833;88.70
1834;88.70
1835;89.40
1836;89.30
1837;89.30
1838;89.70
1839;88.70
1840;89.10
1841;89.50
1842;89.40
1843;89.70
1844;89.40
1845;89.10
1846;89.10
1847;89.50
1848;89.40
1849;89.50
1850;88.70
1851;88.70
1852;89.10
1853;89.20
1854;89.10
1855;89.20
1856;89.20
1857;89.10
1858;89.60
1859;89.10
1860;89.30
1861;89.30
1862;88.60
1863;88.70
1864;89.00
1865;89.20
1866;89.40
1867;89.10
1868;88.80
1869;89.30
1870;89.40
1871;89.40
1872;89.40
1873;89.40
1874;89.40
1875;89.50
1876;89.10
1877;89.70
1878;89.80
1879;88.80
1880;89.00
1881;88.90
1882;88.70
1883;88.70
1884;88.90
1885;88.80
1886;88.80
1887;89.10
1888;89.60
1889;89.00
1890;89.00
1891;89.20
1892;89.00
1893;89.20
1894;89.60
1895;89.80
1896;89.50
1897;89.40
1898;89.40
1899;89.40
1900;89.10
1901;89.10
1902;89.10
1903;89.10
1904;89.10
1905;89.40
1906;89.60
1907;88.70
1908;88.70
1909;89.40
1910;89.50
1911;89.40
1912;89.50
1913;89.40
1914;89.50
1915;89.50
1916;89.40
1917;89.40
1918;90.00
1919;90.00
1920;89.30
1921;89.70
1922;89.00
1923;89.20
1924;89.00
1925;88.70
1926;88.90
1927;88.90
1928;91.50
1929;88.80
1930;89.10
1931;89.30
1932;88.80
1933;88.70
1934;88.80
1935;89.00
1936;88.90
1937;89.00
1938;89.00
1939;88.90
1940;88.90
1941;89.30
1942;89.30
1943;89.40
1944;89.30
1945;89.30
1946;89.30
1947;89.30
1948;88.90
1949;89.40
1950;89.50
1951;90.90
1952;89.50
1953;89.90
1954;90.00
1955;89.90
1956;89.90
1957;89.90
1958;89.90
1959;90.00
1960;89.90
1961;89.90
1962;89.90
1963;89.80
1964;90.10
1965;89.90
1966;90.00
1967;89.90
1968;89.90
1969;89.60
1970;89.60
1971;89.50
1972;89.30
1973;89.40
1974;89.50
1975;89.40
1976;89.60
1977;89.40
1978;89.40
1979;89.40
1980;89.60
1981;89.30
1982;89.40
1983;89.50
1984;89.80
1985;89.40
1986;89.30
1987;89.30
1988;89.50
1989;89.50
1990;89.50
1991;89.50
1992;89.60
1993;89.60
1994;89.50
1995;90.00
1996;90.00
1997;90.00
1998;89.40
1999;88.90
2000;89.90
2001;89.90
2002;89.90
2003;88.70
2004;89.50
2005;89.40
2006;89.50
2007;89.30
2008;89.40
2009;89.80
2010;89.40
2011;89.30
2012;89.40
2013;89.90
2014;89.30
2015;89.30
2016;89.60
2017;89.20
2018;89.50
2019;89.40
2020;89.80
2021;89.80
2022;89.80
2023;89.70
2024;89.80
2025;89.80
2026;89.70
2027;89.70
2028;89.80
2029;89.70
2030;89.80
2031;89.80
2032;89.70
2033;89.80
2034;89.70
2035;89.80
2036;89.70
2037;89.70
2038;89.70
2039;89.70
2040;90.00
2041;89.40
2042;89.30
2043;89.50
2044;89.50
2045;89.50
2046;89.30
2047;89.30
2048;89.40
2049;89.30
2050;89.30
2051;89.30
2052;89.40
2053;89.50
2054;89.20
2055;89.50
2056;89.40
2057;89.40
2058;89.40
2059;89.50
2060;89.40
2061;89.90
2062;90.00
2063;90.00
2064;89.90
2065;90.00
2066;90.00
2067;90.00
2068;90.00
2069;90.00
2070;90.00
2071;90.20
2072;90.40
2073;89.30
2074;89.30
2075;89.20
2076;89.30
2077;89.40
2078;89.40
2079;88.90
2080;89.30
2081;89.80
2082;89.70
2083;89.70
2084;89.60
2085;89.60
2086;89.60
2087;89.70
2088;89.60
2089;89.60
2090;89.30
2091;89.50
2092;89.40
2093;89.30
2094;89.40
2095;89.40
2096;89.50
2097;89.50
2098;89.60
2099;89.50
2100;89.80
2101;90.00
2102;89.90
2103;90.00
2104;90.00
2105;89.90
2106;90.00
2107;89.80
2108;89.80
2109;89.90
2110;89.90
2111;89.90
2112;89.90
2113;89.80
2114;89.90
2115;90.00
2116;89.90
2117;89.90
2118;90.00
2119;89.60
2120;89.30
2121;89.50
2122;89.30
2123;89.30
2124;89.40
2125;89.40
2126;89.30
2127;89.40
2128;89.80
2129;90.00
2130;90.00
2131;89.90
2132;90.00
2133;90.00
2134;89.90
2135;89.90
2136;89.90
2137;90.00
2138;90.00
2139;89.90
2140;90.00
2141;90.00
2142;90.00
2143;90.00
2144;90.00
2145;90.00
2146;89.20
2147;89.40
2148;89.40
2149;89.40
2150;89.60
2151;89.30
2152;89.30
2153;89.40
2154;89.40
2155;89.30
2156;89.30
2157;89.30
2158;89.30
2159;89.40
2160;89.40
2161;89.60
2162;89.50
2163;89.50
2164;89.50
2165;89.60
2166;89.50
2167;89.50
2168;89.90
2169;89.30
2170;89.50
2171;89.40
2172;89.40
2173;89.50
2174;89.40
2175;89.40
2176;89.40
2177;89.50
2178;89.40
2179;89.40
2180;89.40
2181;89.40
2182;89.50
2183;89.40
2184;90.00
2185;90.00
2186;90.00
2187;90.10
2188;90.10
2189;90.00
2190;89.90
2191;90.00
2192;90.00
2193;90.00
2194;90.10
2195;90.00
2196;89.30
2197;89.60
2198;89.80
2199;89.70
2200;89.50
2201;89.20
2202;89.30
2203;89.90
2204;89.90
2205;89.80
2206;89.50
2207;89.40
2208;90.00
2209;90.00
2210;89.90
2211;90.00
2212;90.00
2213;90.00
2214;90.00
2215;89.90
2216;90.70
2217;90.00
2218;89.40
2219;89.80
2220;89.50
2221;89.10
2222;89.10
2223;89.00
2224;89.80
2225;89.90
2226;89.80
2227;89.80
2228;89.60
2229;89.90
2230;89.80
2231;89.80
2232;89.90
2233;89.90
2234;89.80
2235;89.80
2236;89.80
2237;90.00
2238;89.90
2239;93.30
2240;96.80
2241;97.20
2242;97.50
2243;97.50
2244;97.00
2245;96.90
2246;97.70
2247;97.00
2248;97.10
2249;97.10
2250;97.30
2251;96.70
2252;96.80
2253;97.00
2254;96.90
2255;96.80
2256;97.00
2257;97.50
2258;97.60
2259;97.50
2260;97.40
2261;97.60
2262;97.50
2263;97.00
2264;97.00
2265;97.00
2266;96.90
2267;96.90
2268;97.10
2269;93.80
2270;97.40
2271;97.60
2272;97.40
2273;97.30
2274;97.10
2275;97.10
2276;97.50
2277;97.40
2278;97.30
2279;97.40
2280;97.30
2281;97.50
2282;97.40
2283;97.30
2284;97.60
2285;97.50
2286;97.40
2287;97.20
2288;97.50
2289;97.50
2290;97.40
2291;97.60
2292;97.60
2293;97.40
2294;97.30
2295;97.50
2296;97.40
2297;97.40
2298;97.50
2299;97.40
2300;97.40
2301;97.20
2302;97.50
2303;97.50
2304;96.70
2305;97.50
2306;97.60
2307;97.50
2308;97.40
2309;97.50
2310;97.40
2311;97.40
2312;96.80
2313;97.60
2314;97.50
2315;97.40
2316;97.60
2317;97.50
2318;97.50
2319;97.20
2320;97.50
2321;97.90
2322;98.20
2323;97.30
2324;97.40
2325;97.50
2326;97.40
2327;97.40
2328;97.40
2329;97.60
2330;95.20
2331;97.10
2332;97.10
2333;97.50
2334;97.40
2335;97.30
2336;97.20
2337;97.20
2338;97.30
2339;97.50
2340;97.40
2341;97.40
2342;97.20
2343;97.30
2344;97.00
2345;97.00
2346;97.50
2347;97.40
2348;96.30
2349;94.00
2350;97.00
2351;98.00
2352;97.90
2353;97.60
2354;97.50
2355;97.90
2356;97.50
2357;97.60
2358;97.50
2359;97.10
2360;97.50
2361;97.50
2362;97.50
2363;96.90
2364;97.00
2365;97.40
2366;96.90
2367;97.60
2368;97.40
2369;97.40
2370;97.50
2371;97.40
2372;97.40
2373;96.90
2374;97.60
2375;97.40
2376;97.40
2377;97.20
2378;97.30
2379;97.40
2380;97.40
2381;97.30
2382;97.10
2383;97.40
2384;97.30
2385;97.50
2386;97.50
2387;97.40
2388;97.40
2389;97.30
2390;97.10
2391;97.60
2392;97.60
2393;97.30
2394;97.50
2395;97.40
2396;97.50
2397;97.20
2398;97.10
2399;97.50
2400;97.50
2401;97.40
2402;97.00
2403;97.50
2404;97.60
2405;97.40
2406;96.80
2407;97.30
2408;97.50
2409;97.30
2410;97.20
2411;97.30
2412;97.10
2413;97.50
2414;97.40
2415;97.40
2416;97.50
2417;97.40
2418;97.40
2419;93.90
2420;94.00
2421;96.90
2422;97.00
2423;97.70
2424;97.50
2425;97.20
2426;97.10
2427;97.70
2428;97.60
2429;97.60
2430;97.60
2431;97.50
2432;97.20
2433;97.60
2434;97.50
2435;97.50
2436;97.50
2437;97.50
2438;97.60
2439;97.40
2440;97.00
2441;97.50
2442;97.60
2443;97.40
2444;97.20
2445;97.50
2446;97.50
2447;97.50
2448;96.80
2449;97.10
2450;97.70
2451;97.50
2452;96.80
2453;94.40
2454;97.60
2455;97.50
2456;97.50
2457;97.20
2458;97.50
2459;97.50
2460;97.40
2461;97.40
2462;97.50
2463;97.50
2464;97.40
2465;97.50
2466;97.40
2467;96.00
2468;97.10
2469;97.60
2470;97.20
2471;97.50
2472;97.40
2473;97.20
2474;97.40
2475;97.50
2476;97.40
2477;96.90
2478;96.80
2479;97.40
2480;97.50
2481;97.30
2482;97.00
2483;97.40
2484;97.40
2485;97.50
2486;97.50
2487;97.50
2488;97.40
2489;97.20
2490;97.60
2491;97.70
2492;97.50
2493;97.30
2494;93.90
2495;97.50
2496;97.60
2497;97.40
2498;97.40
2499;97.50
2500;97.50
2501;97.40
2502;97.40
2503;97.20
2504;97.60
2505;97.30
2506;97.00
2507;97.60
2508;97.60
2509;97.50
2510;97.20
2511;97.50
2512;97.40
2513;97.00
2514;97.40
2515;97.30
2516;97.40
2517;97.30
2518;97.30
2519;97.30
2520;97.50
2521;97.30
2522;97.30
2523;97.70
2524;97.40
2525;94.80
2526;97.50
2527;97.60
2528;97.40
2529;97.10
2530;97.40
2531;97.40
2532;97.80
2533;97.00
2534;97.50
2535;97.40
2536;97.40
2537;97.30
2538;97.10
2539;97.40
2540;97.40
2541;97.30
2542;97.20
2543;94.80
2544;97.00
2545;97.20
2546;97.60
2547;97.50
2548;97.50
2549;97.30
2550;97.50
2551;97.50
2552;97.50
2553;97.10
2554;97.40
2555;97.40
2556;97.40
2557;97.10
2558;97.50
2559;97.40
2560;97.30
2561;97.60
2562;97.50
2563;97.30
2564;97.50
2565;97.40
2566;97.40
2567;96.90
2568;97.00
2569;97.30
2570;97.60
2571;97.40
2572;97.10
2573;97.00
2574;97.00
2575;97.50
2576;97.60
2577;97.40
2578;96.90
2579;97.70
2580;97.60
2581;97.60
2582;97.20
2583;97.60
2584;97.50
2585;97.50
2586;97.40
2587;97.40
2588;97.40
2589;97.30
2590;97.50
2591;97.10
2592;97.60
2593;97.50
2594;97.40
2595;97.10
2596;97.00
2597;97.40
2598;97.80
2599;97.90
2600;97.20
2601;97.40
2602;97.40
2603;96.20
2604;97.40
2605;97.50
2606;97.50
2607;97.30
2608;97.40
2609;97.40
2610;97.30
2611;97.20
2612;97.60
2613;97.40
2614;97.40
2615;94.30
2616;96.60
2617;97.50
2618;97.20
2619;97.40
2620;97.50
2621;97.30
2622;96.90
2623;97.20
2624;97.50
2625;97.50
2626;97.50
2627;97.20
2628;96.80
2629;97.50
2630;97.50
2631;97.40
2632;96.80
2633;97.60
2634;97.40
2635;97.30
2636;97.40
2637;97.40
2638;97.40
2639;97.40
2640;97.50
2641;97.50
2642;97.50
2643;97.10
2644;97.30
2645;97.50
2646;97.40
2647;97.60
2648;97.00
2649;93.90
2650;97.00
2651;97.20
2652;97.60
2653;97.50
2654;97.50
2655;97.50
2656;97.50
2657;97.40
2658;97.10
2659;97.00
2660;96.80
2661;96.90
2662;97.40
2663;97.40
2664;97.30
2665;97.10
2666;97.30
2667;96.90
2668;96.80
2669;96.80
2670;96.80
2671;97.50
2672;97.40
2673;97.50
2674;97.20
2675;97.50
2676;97.50
2677;96.50
2678;97.70
2679;97.40
2680;97.40
2681;97.10
2682;97.40
2683;97.50
2684;97.40
2685;97.60
2686;97.50
2687;97.40
2688;97.40
2689;97.30
2690;97.40
2691;97.40
2692;97.30
2693;97.60
2694;97.30
2695;97.20
2696;97.40
2697;97.40
2698;97.50
2699;97.40
2700;97.20
2701;97.60
2702;97.40
2703;97.20
2704;97.20
2705;97.40
2706;97.40
2707;96.90
2708;96.90
2709;97.40
2710;97.50
2711;97.40
2712;97.50
2713;97.40
2714;97.30
2715;97.50
2716;97.50
2717;97.40
2718;97.10
2719;97.10
2720;97.00
2721;97.40
2722;97.30
2723;97.00
2724;96.90
2725;97.20
2726;97.50
2727;97.30
2728;97.30
2729;97.60
2730;97.50
2731;97.40
2732;97.50
2733;97.50
2734;97.30
2735;97.00
2736;97.50
2737;97.60
2738;97.50
2739;97.40
2740;97.60
2741;97.60
2742;97.40
2743;97.40
2744;97.40
2745;97.50
2746;97.50
2747;97.40
2748;97.40
2749;97.50
2750;97.50
2751;97.00
2752;97.50
2753;97.40
2754;96.70
2755;97.60
2756;98.00
2757;98.00
2758;97.70
2759;96.80
2760;97.40
2761;97.40
2762;97.40
2763;97.10
2764;96.80
2765;97.10
2766;97.30
2767;96.90
2768;96.80
2769;96.90
2770;97.40
2771;97.50
2772;97.30
2773;97.00
2774;97.30
2775;97.50
2776;97.50
2777;97.40
2778;97.20
2779;97.40
2780;97.40
2781;97.30
2782;97.00
2783;96.80
2784;97.40
2785;97.40
2786;97.30
2787;97.50
2788;97.40
2789;97.60
2790;97.00
2791;97.40
2792;96.90
2793;96.90
2794;97.00
2795;94.00
2796;96.90
2797;97.10
2798;97.00
2799;97.10
2800;97.10
2801;97.10
2802;97.40
2803;97.40
2804;97.40
2805;97.30
2806;97.20
2807;97.20
2808;97.20
2809;97.40
2810;97.40
2811;97.40
2812;97.40
2813;97.00
2814;96.90
2815;96.80
2816;97.00
2817;96.80
2818;96.90
2819;96.80
2820;97.30
2821;97.20
2822;96.80
2823;97.50
2824;97.60
2825;97.60
2826;97.50
2827;97.10
2828;96.40
2829;97.00
2830;97.20
2831;97.20
2832;97.40
2833;97.20
2834;97.30
2835;97.20
2836;97.20
2837;96.80
2838;97.00
2839;97.00
2840;97.00
2841;97.30
2842;97.10
2843;97.20
2844;97.40
2845;97.10
2846;97.10
2847;97.20
2848;97.00
2849;97.40
2850;97.40
2851;97.30
2852;97.20
2853;97.50
2854;97.40
2855;97.40
2856;97.40
2857;97.50
2858;97.50
2859;97.10
2860;97.50
2861;97.50
2862;97.40
2863;97.60
2864;97.40
2865;97.30
2866;97.40
2867;97.50
2868;97.30
2869;97.20
2870;97.10
2871;97.30
2872;97.40
2873;94.40
2874;93.70
2875;97.40
2876;97.30
2877;97.30
2878;97.00
2879;97.50
2880;97.40
2881;97.40
2882;97.10
2883;97.60
2884;97.50
2885;97.50
2886;96.70
2887;104.30
2888;105.00
2889;105.40
2890;105.90
2891;105.80
2892;97.40
2893;97.80
2894;98.80
2895;100.40
2896;102.70
2897;100.60
2898;100.70
2899;100.60
2900;100.70
2901;100.70
2902;99.60
2903;101.20
2904;99.90
2905;100.70
2906;100.70
2907;100.80
2908;100.80
2909;100.70
2910;102.40
2911;98.40
2912;104.90
2913;105.30
2914;105.60
2915;105.30
2916;105.40
2917;97.90
2918;98.70
2919;98.80
2920;98.10
2921;101.30
2922;100.70
2923;100.70
2924;100.50
2925;100.80
2926;100.90
2927;100.30
2928;100.60
2929;100.80
2930;100.70
2931;100.70
2932;100.60
2933;100.60
2934;100.30
2935;96.20
2936;154.40
2937;104.20
2938;85.30
2939;120.30
2940;115.70
2941;89.50
2942;87.50
2943;87.60
2944;92.90
2945;169.40
2946;119.20
2947;84.50
2948;87.60
2949;124.60
2950;88.30
2951;87.90
2952;88.00
2953;84.20
2954;125.30
2955;169.30
2956;159.60
2957;153.40
2958;171.30
2959;88.30
2960;169.60
2961;98.40
2962;95.40
2963;171.30
2964;171.30
2965;145.70
2966;171.10
2967;161.00
2968;88.40
2969;93.30
2970;104.30
2971;88.70
2972;88.10
2973;87.70
2974;87.80
2975;89.20
2976;89.10
2977;89.10
2978;89.10
2979;89.30
2980;85.40
2981;89.20
2982;89.20
2983;89.20
2984;88.80
2985;89.30
2986;89.20
2987;89.00
2988;89.20
2989;89.20
2990;89.20
2991;89.00
2992;89.00
2993;88.80
2994;88.80
2995;88.80
2996;88.80
2997;88.80
2998;89.00
2999;88.70
3000;88.90
3001;88.70
3002;88.90
3003;89.10
3004;89.10
3005;88.90
3006;88.90
3007;89.10
3008;88.70
3009;90.50
3010;88.70
3011;89.20
3012;89.60
3013;149.80
3014;87.80
3015;87.70
3016;87.70
3017;87.20
3018;87.50
3019;89.50
3020;89.30
3021;85.90
3022;89.10
3023;89.30
3024;89.30
3025;89.30
3026;89.40
3027;88.60
3028;88.70
3029;88.70
3030;88.70
3031;88.70
3032;89.10
3033;89.00
3034;89.00
3035;89.40
3036;88.70
3037;88.70
3038;89.10
3039;89.30
3040;89.40
3041;89.30
3042;89.20
3043;89.20
3044;89.20
3045;88.60
3046;88.60
3047;88.60
3048;89.00
3049;89.30
3050;89.30
3051;89.20
3052;89.20
3053;89.20
3054;89.20
3055;89.10
3056;89.20
3057;89.30
3058;89.20
3059;89.30
3060;89.20
3061;89.30
3062;89.30
3063;89.20
3064;89.20
3065;88.90
3066;89.10
3067;89.10
3068;89.30
3069;89.20
3070;89.20
3071;88.80
3072;89.20
3073;89.20
3074;88.90
3075;88.90
3076;89.20
3077;89.20
3078;89.20
3079;89.00
3080;89.30
3081;89.20
3082;89.50
3083;88.80
3084;88.70
3085;89.20
3086;89.50
3087;89.20
3088;166.50
3089;88.20
3090;88.00
3091;88.10
3092;88.00
3093;89.30
3094;89.20
3095;89.20
3096;85.70
3097;89.30
3098;89.30
3099;89.10
3100;89.10
3101;85.90
3102;88.70
3103;85.80
3104;85.70
3105;88.40
3106;89.20
3107;89.30
3108;89.30
3109;89.20
3110;89.10
3111;89.20
3112;88.90
3113;89.30
3114;89.30
3115;89.10
3116;89.20
3117;88.70
3118;89.50
3119;89.00
3120;89.40
3121;89.10
3122;89.10
3123;89.40
3124;89.30
3125;89.20
3126;89.30
3127;89.20
3128;89.20
3129;87.10
3130;88.40
3131;89.40
3132;89.40
3133;89.20
3134;88.90
3135;89.30
3136;89.20
3137;89.20
3138;89.40
3139;89.30
3140;89.40
3141;89.30
3142;89.10
3143;88.50
3144;89.30
3145;89.40
3146;89.40
3147;89.50
3148;89.20
3149;89.30
3150;89.20
3151;89.30
3152;89.40
3153;89.30
3154;88.90
3155;89.00
3156;90.20
3157;89.90
3158;90.10
3159;89.50
3160;89.20
3161;88.90
3162;89.00
3163;88.60
3164;88.50
3165;88.80
3166;88.60
3167;88.60
3168;88.70
3169;88.60
3170;127.70
3171;84.00
3172;83.80
3173;87.50
3174;87.10
3175;88.40
3176;90.40
3177;89.40
3178;89.30
3179;89.30
3180;88.50
3181;89.40
3182;89.30
3183;89.30
3184;89.10
3185;89.30
3186;89.20
3187;89.30
3188;89.30
3189;89.20
3190;89.20
3191;88.60
3192;88.60
3193;88.80
3194;88.80
3195;89.00
3196;89.30
3197;89.40
3198;89.20
3199;89.20
3200;88.90
3201;93.50
3202;89.10
3203;89.20
3204;97.00
3205;86.20
3206;86.70
3207;84.70
3208;86.90
3209;160.90
3210;87.70
3211;169.30
3212;169.20
3213;86.80
3214;83.70
3215;86.30
3216;86.50
3217;88.30
3218;88.80
3219;88.20
3220;85.60
3221;85.60
3222;85.60
3223;85.70
3224;88.50
3225;88.60
3226;88.70
3227;88.80
3228;88.70
3229;88.80
3230;88.70
3231;89.00
3232;89.00
3233;89.10
3234;89.00
3235;89.00
3236;89.00
3237;129.00
3238;88.40
3239;164.50
3240;85.80
3241;86.10
3242;87.40
3243;88.20
3244;88.70
3245;88.90
3246;88.40
3247;85.60
3248;88.80
3249;85.50
3250;91.00
3251;88.70
3252;88.80
3253;88.90
3254;88.80
3255;88.80
3256;88.90
3257;88.90
3258;88.90
3259;88.40
3260;88.80
3261;89.00
3262;89.10
3263;88.50
3264;89.20
3265;89.30
3266;89.70
3267;89.20
3268;89.00
3269;89.00
3270;88.90
3271;89.30
3272;88.90
3273;88.80
3274;88.90
3275;88.90
3276;88.90
3277;88.80
3278;88.90
3279;88.90
3280;87.40
3281;87.50
3282;89.00
3283;88.80
3284;89.40
3285;88.60
3286;88.70
3287;88.50
3288;88.90
3289;91.50
3290;91.00
3291;89.50
3292;89.30
3293;89.40
3294;88.90
3295;88.40
3296;89.40
3297;90.30
3298;87.80
3299;89.50
3300;89.40
3301;89.50
3302;89.00
3303;89.00
3304;90.60
3305;89.20
3306;88.80
3307;89.80
3308;90.00
3309;89.50
3310;88.80
3311;89.10
3312;89.10
3313;167.40
3314;90.40
3315;87.20
3316;87.30
3317;87.30
3318;87.20
3319;89.20
3320;89.20
3321;89.20
3322;89.10
3323;87.70
3324;89.30
3325;89.30
3326;89.20
3327;89.10
3328;89.00
3329;93.40
3330;89.10
3331;89.10
3332;89.30
3333;89.20
3334;88.80
3335;93.30
3336;93.50
3337;89.10
3338;88.80
3339;88.80
3340;88.80
3341;89.30
3342;88.80
3343;89.40
3344;89.20
3345;89.30
3346;89.20
3347;92.20
3348;93.40
3349;93.40
3350;88.60
3351;89.70
3352;86.00
3353;89.30
3354;89.20
3355;89.30
3356;91.60
3357;91.90
3358;91.80
3359;89.20
3360;89.20
3361;89.20
3362;90.00
3363;93.40
3364;89.10
3365;88.80
3366;89.40
3367;89.30
3368;89.30
3369;88.60
3370;91.90
3371;91.90
3372;91.90
3373;88.70
3374;89.30
3375;89.20
3376;89.90
3377;89.20
3378;89.40
3379;87.70
3380;88.70
3381;89.40
3382;89.10
3383;89.20
3384;89.20
3385;93.40
3386;93.50
3387;92.10
3388;89.40
3389;89.30
3390;89.30
3391;169.40
3392;89.90
3393;89.90
3394;87.50
3395;87.40
3396;89.30
3397;85.60
3398;85.60
3399;89.30
3400;89.30
3401;89.30
3402;88.90
3403;89.00
3404;89.10
3405;86.20
3406;86.20
3407;88.10
3408;89.30
3409;89.30
3410;89.30
3411;92.70
3412;93.50
3413;89.50
3414;93.60
3415;90.40
3416;93.40
3417;92.00
3418;88.70
3419;91.60
3420;92.80
3421;93.40
3422;89.00
3423;93.30
3424;90.90
3425;88.50
3426;88.90
3427;91.80
3428;91.10
3429;89.00
3430;90.70
3431;90.70
3432;85.40
3433;88.90
3434;88.30
3435;85.90
3436;86.80
3437;93.20
3438;93.40
3439;92.80
3440;93.40
3441;93.30
3442;91.80
3443;88.40
3444;91.80
3445;93.50
3446;89.60
3447;93.40
3448;89.80
3449;91.90
3450;92.00
3451;88.40
3452;89.00
3453;90.00
3454;87.10
3455;89.00
3456;90.90
3457;93.40
3458;93.40
3459;88.40
3460;88.90
3461;88.90
3462;89.10
3463;93.40
3464;104.80
3465;150.00
3466;87.70
3467;87.40
3468;87.70
3469;86.80
3470;117.30
3471;84.40
3472;84.50
3473;84.30
3474;88.50
3475;89.30
3476;89.20
3477;89.00
3478;90.80
3479;90.70
3480;88.60
3481;89.20
3482;89.40
3483;89.20
3484;92.40
3485;93.50
3486;93.70
3487;88.90
3488;89.60
3489;89.20
3490;89.20
3491;89.30
3492;89.50
3493;89.10
3494;91.80
3495;93.40
3496;89.20
3497;89.50
3498;89.30
3499;89.20
3500;89.90
3501;86.20
3502;86.10
3503;89.30
3504;89.20
3505;89.10
3506;91.50
3507;91.90
3508;91.80
3509;89.00
3510;89.30
3511;89.20
3512;89.20
3513;89.10
3514;93.40
3515;93.40
3516;89.20
3517;89.20
3518;89.20
3519;89.00
3520;87.70
3521;86.10
3522;87.60
3523;89.50
3524;89.70
3525;89.50
3526;90.70
3527;90.80
3528;90.70
3529;88.80
3530;89.20
3531;89.40
3532;89.20
3533;89.20
3534;88.50
3535;88.50
3536;89.70
3537;86.10
3538;117.30
3539;135.40
3540;88.00
3541;87.70
3542;91.40
3543;91.30
3544;88.00
3545;93.20
3546;89.00
3547;85.90
3548;85.60
3549;93.40
3550;93.30
3551;89.70
3552;90.00
3553;88.90
3554;90.60
3555;91.80
3556;91.80
3557;86.10
3558;86.00
3559;86.20
3560;86.20
3561;86.80
3562;92.50
3563;93.40
3564;89.30
3565;93.30
3566;89.00
3567;88.40
3568;86.20
3569;90.10
3570;93.30
3571;92.40
3572;90.90
3573;87.50
3574;88.90
3575;88.20
3576;88.90
3577;89.00
3578;89.10
3579;88.90
3580;88.40
3581;89.10
3582;93.10
3583;93.50
3584;92.70
3585;86.10
3586;86.40
3587;93.30
3588;93.30
3589;86.10
3590;89.00
3591;89.10
3592;88.20
3593;93.00
3594;93.30
3595;92.90
3596;88.30
3597;93.40
3598;91.60
3599;93.50
3600;93.00
3601;88.70
3602;88.40
3603;88.70
3604;86.00
3605;88.10
3606;87.80
3607;86.20
3608;90.90
3609;91.70
3610;88.60
3611;88.50
3612;92.50
3613;93.30
3614;114.40
3615;139.50
3616;91.40
3617;86.80
3618;87.40
3619;87.40
3620;91.10
3621;93.50
3622;92.00
3623;86.00
3624;87.30
3625;86.10
3626;89.10
3627;89.40
3628;87.90
3629;86.00
3630;88.60
3631;90.30
3632;90.30
3633;88.80
3634;91.00
3635;89.60
3636;90.00
3637;86.80
3638;90.50
3639;89.40
3640;92.40
3641;88.70
3642;88.80
3643;92.50
3644;88.30
3645;88.50
3646;88.20
3647;93.10
3648;90.80
3649;86.40
3650;86.70
3651;88.80
3652;91.50
3653;91.90
3654;88.50
3655;91.80
3656;88.70
3657;90.80
3658;89.10
3659;92.80
3660;87.50
3661;89.10
3662;90.00
3663;88.70
3664;87.80
3665;87.40
3666;89.50
3667;90.30
3668;93.30
3669;89.30
3670;88.50
3671;86.70
3672;93.40
3673;89.10
3674;88.60
3675;89.10
3676;86.80
3677;89.10
3678;88.70
3679;86.60
3680;92.90
3681;88.80
3682;91.60
3683;92.70
3684;92.90
3685;89.20
3686;88.80
3687;91.20
3688;92.30
3689;89.20
3690;119.20
3691;91.70
3692;88.60
3693;92.00
3694;86.20
3695;85.80
3696;86.20
3697;87.80
3698;88.60
3699;86.10
3700;85.80
3701;90.00
3702;88.90
3703;88.70
3704;88.10
3705;88.40
3706;131.50
3707;87.60
3708;97.20
3709;170.60
3710;170.60
3711;136.20
3712;87.80
3713;125.20
3714;148.70
3715;123.90
3716;105.00
3717;122.30
3718;117.00
3719;163.90
3720;98.90
3721;87.60
3722;87.60
3723;87.60
3724;87.10
3725;89.80
3726;88.70
3727;89.30
3728;89.50
3729;89.20
3730;89.10
3731;89.20
3732;88.40
3733;86.60
3734;89.20
3735;89.50
3736;89.20
3737;89.50
3738;89.30
3739;89.80
3740;89.50
3741;87.00
3742;88.90
3743;90.10
3744;90.00
3745;89.40
3746;89.70
3747;86.30
3748;86.50
3749;89.30
3750;89.30
3751;89.30
3752;89.30
3753;89.30
3754;89.20
3755;89.00
3756;89.60
3757;89.30
3758;89.20
3759;89.30
3760;89.30
3761;89.60
3762;89.40
3763;88.30
3764;89.10
3765;107.60
3766;88.60
3767;87.50
3768;87.50
3769;87.80
3770;87.80
3771;89.30
3772;89.30
3773;89.30
3774;85.80
3775;93.90
3776;88.80
3777;89.20
3778;89.20
3779;89.20
3780;88.70
3781;89.50
3782;89.20
3783;89.30
3784;89.40
3785;89.40
3786;89.40
3787;89.60
3788;92.30
3789;87.70
3790;87.10
3791;86.90
3792;86.80
3793;88.80
3794;88.90
3795;88.80
3796;88.90
3797;164.70
3798;165.50
3799;163.20
3800;160.20
3801;160.40
3802;162.10
3803;160.80
3804;156.30
3805;159.70
3806;103.40
3807;87.70
3808;87.30
3809;87.30
3810;87.90
3811;89.20
3812;89.30
3813;89.30
3814;89.20
3815;89.50
3816;89.40
3817;89.50
3818;89.10
3819;89.40
3820;89.50
3821;89.30
3822;89.00
3823;92.50
3824;87.20
3825;87.20
3826;87.40
3827;87.40
3828;88.90
3829;87.10
3830;85.80
3831;88.50
3832;88.80
3833;89.00
3834;89.40
3835;89.40
3836;89.30
3837;89.10
3838;88.80
3839;89.00
3840;137.60
3841;115.70
3842;88.60
3843;88.00
3844;87.90
3845;87.90
3846;88.40
3847;89.40
3848;89.30
3849;89.40
3850;90.10
3851;101.80
3852;87.60
3853;84.00
3854;88.00
3855;87.70
3856;89.30
3857;89.30
3858;89.20
3859;89.30
3860;89.30
3861;88.90
3862;89.40
3863;89.30
3864;89.30
3865;85.30
3866;89.40
3867;89.40
3868;89.60
3869;89.70
3870;88.80
3871;88.80
3872;89.50
3873;89.30
3874;89.30
3875;89.30
3876;89.20
3877;89.40
3878;89.30
3879;89.20
3880;89.40
3881;89.90
3882;108.40
3883;88.20
3884;88.20
3885;87.80
3886;87.90
3887;89.40
3888;89.30
3889;89.30
3890;89.20
3891;89.50
3892;89.40
3893;88.90
3894;89.10
3895;89.30
3896;89.40
3897;89.30
3898;89.30
3899;89.40
3900;89.20
3901;89.30
3902;88.90
3903;89.50
3904;89.30
3905;89.30
3906;88.80
3907;89.40
3908;89.30
3909;89.30
3910;89.20
3911;89.30
3912;89.50
3913;89.70
3914;89.20
3915;89.30
3916;89.40
3917;89.30
3918;89.30
3919;90.40
3920;87.50
3921;85.00
3922;86.90
3923;84.20
3924;85.90
3925;88.40
3926;89.30
3927;89.10
3928;89.00
3929;88.90
3930;89.50
3931;89.40
3932;89.50
3933;89.40
3934;89.40
3935;89.30
3936;89.40
3937;89.50
3938;89.40
3939;89.30
3940;89.30
3941;89.30
3942;89.20
3943;89.30
3944;89.90
3945;89.90
3946;89.60
3947;89.00
3948;89.30
3949;89.20
3950;89.50
3951;89.50
3952;89.40
3953;89.30
3954;88.70
3955;88.70
3956;88.70
3957;88.30
3958;89.40
3959;88.90
3960;89.10
3961;89.20
3962;89.80
3963;89.80
3964;89.30
3965;89.20
3966;89.40
3967;89.30
3968;89.60
3969;89.10
3970;89.20
3971;89.20
3972;89.30
3973;89.30
3974;89.40
3975;89.40
3976;89.30
3977;89.20
3978;89.00
3979;89.40
3980;89.30
3981;89.30
3982;88.90
3983;89.00
3984;88.90
3985;89.00
3986;89.00
3987;89.50
3988;89.50
3989;89.30
3990;89.50
3991;89.40
3992;131.40
3993;120.10
3994;87.70
3995;87.40
3996;87.30
3997;86.80
3998;88.00
3999;89.40
4000;89.30
4001;89.30
4002;89.10
4003;85.90
4004;89.70
4005;89.50
4006;89.40
4007;89.10
4008;89.30
4009;89.20
4010;89.20
4011;89.00
4012;88.80
4013;89.00
4014;89.10
4015;89.20
4016;89.50
4017;89.40
4018;89.20
4019;88.80
4020;89.10
4021;89.10
4022;89.40
4023;89.40
4024;89.40
4025;89.30
4026;89.70
4027;89.50
4028;89.30
4029;89.20
4030;89.40
4031;89.40
4032;89.10
4033;89.40
4034;89.50
4035;89.40
4036;89.30
4037;89.40
4038;89.50
4039;96.00
4040;98.10
4041;149.80
4042;138.10
4043;87.40
4044;137.00
4045;97.40
4046;88.30
4047;88.20
4048;88.10
4049;88.00
4050;89.50
4051;89.40
4052;89.40
4053;89.50
4054;89.30
4055;89.30
4056;89.00
4057;89.30
4058;89.50
4059;89.30
4060;89.30
4061;96.50
4062;133.30
4063;164.20
4064;148.00
4065;124.00
4066;129.30
4067;119.70
4068;166.50
4069;88.40
4070;88.50
4071;88.00
4072;88.20
4073;89.30
4074;89.60
4075;89.50
4076;89.40
4077;95.10
4078;93.00
4079;88.60
4080;148.00
4081;94.00
4082;87.90
4083;90.90
4084;94.80
4085;158.90
4086;156.80
4087;99.10
4088;91.30
4089;91.50
4090;91.30
4091;91.50
4092;92.80
4093;134.60
4094;91.90
4095;90.90
4096;90.80
4097;172.30
4098;92.30
4099;91.20
4100;90.90
4101;165.20
4102;92.60
4103;91.30
4104;91.30
4105;91.80
4106;98.90
4107;96.90
4108;114.90
4109;142.70
4110;90.60
4111;131.20
4112;93.50
4113;95.10
4114;122.20
4115;98.00
4116;169.00
4117;95.00
4118;125.40
4119;170.80
4120;88.40
4121;88.10
4122;88.10
4123;88.20
4124;89.50
4125;89.50
4126;89.40
4127;89.40
4128;89.50
4129;89.40
4130;89.50
4131;88.80
4132;89.50
4133;89.40
4134;89.40
4135;89.30
4136;88.90
4137;88.80
4138;88.80
4139;89.20
4140;88.70
4141;116.30
4142;87.60
4143;87.60
4144;87.20
4145;87.00
4146;87.70
4147;89.00
4148;89.10
4149;88.90
4150;86.00
4151;92.60
4152;88.70
4153;125.40
4154;94.20
4155;87.20
4156;87.30
4157;87.10
4158;87.00
4159;89.00
4160;89.00
4161;89.00
4162;89.00
4163;88.80
4164;88.90
4165;89.00
4166;89.10
4167;89.00
4168;89.30
4169;89.50
4170;89.50
4171;89.60
4172;89.50
4173;89.50
4174;89.50
4175;88.80
4176;89.90
4177;89.50
4178;89.50
4179;89.50
4180;89.60
4181;89.00
4182;89.00
4183;89.00
4184;89.00
4185;89.00
4186;88.90
4187;89.70
4188;90.60
4189;89.00
4190;89.60
4191;89.50
4192;89.40
4193;88.90
4194;88.90
4195;89.30
4196;89.50
4197;89.50
4198;89.50
4199;88.80
4200;89.00
4201;89.10
4202;89.00
4203;89.00
4204;89.10
4205;89.00
4206;88.90
4207;88.70
4208;88.80
4209;88.90
4210;89.20
4211;88.80
4212;88.80
4213;88.80
4214;88.80
4215;88.80
4216;144.20
4217;107.90
4218;87.20
4219;87.00
4220;87.60
4221;87.20
4222;89.50
4223;89.50
4224;89.50
4225;89.50
4226;91.70
4227;89.00
4228;89.00
4229;89.20
4230;88.90
4231;89.00
4232;89.30
4233;88.80
4234;89.10
4235;89.00
4236;89.00
4237;89.00
4238;89.00
4239;89.10
4240;89.20
4241;89.40
4242;89.00
4243;89.20
4244;88.90
4245;89.20
4246;89.00
4247;89.50
4248;89.10
4249;89.10
4250;88.70
4251;88.90
4252;88.80
4253;88.90
4254;88.80
4255;89.30
4256;89.30
4257;89.90
4258;89.40
4259;89.40
4260;88.80
4261;89.50
4262;89.30
4263;89.80
4264;89.20
4265;88.90
4266;89.50
4267;89.50
4268;89.50
4269;89.00
4270;89.30
4271;88.80
4272;89.50
4273;89.20
4274;89.50
4275;89.60
4276;89.00
4277;129.50
4278;93.70
4279;87.40
4280;87.10
4281;87.40
4282;87.00
4283;88.90
4284;89.00
4285;89.00
4286;89.30
4287;89.10
4288;89.10
4289;89.80
4290;89.40
4291;138.20
4292;113.70
4293;87.20
4294;87.10
4295;87.60
4296;87.60
4297;88.80
4298;89.00
4299;88.90
4300;88.80
4301;91.10
4302;89.00
4303;89.70
4304;89.50
4305;89.20
4306;89.10
4307;89.20
4308;90.10
4309;89.90
4310;89.50
4311;89.20
4312;88.90
4313;88.90
4314;88.90
4315;89.40
4316;88.90
4317;88.80
4318;89.20
4319;86.40
4320;85.70
4321;89.40
4322;88.20
4323;89.40
4324;89.10
4325;89.00
4326;89.50
4327;89.80
4328;89.00
4329;89.50
4330;89.50
4331;90.00
4332;89.30
4333;88.80
4334;89.60
4335;90.90
4336;88.80
4337;89.40
4338;89.50
4339;89.50
4340;89.40
4341;89.50
4342;89.50
4343;89.50
4344;89.60
4345;89.20
4346;89.50
4347;88.90
4348;88.80
4349;88.80
4350;88.90
4351;89.40
4352;89.00
4353;88.90
4354;89.00
4355;90.30
4356;90.80
4357;86.90
4358;86.80
4359;86.80
4360;86.80
4361;88.80
4362;88.80
4363;88.90
4364;89.40
4365;89.50
4366;164.80
4367;93.00
4368;87.40
4369;87.40
4370;96.70
4371;88.30
4372;88.00
4373;88.10
4374;87.60
4375;85.70
4376;89.50
4377;88.90
4378;88.80
4379;88.80
4380;88.90
4381;89.00
4382;89.40
4383;88.90
4384;89.00
4385;89.10
4386;88.80
4387;89.00
4388;89.50
4389;89.30
4390;89.20
4391;89.60
4392;92.70
4393;87.50
4394;86.80
4395;86.70
4396;86.70
4397;88.60
4398;88.70
4399;88.80
4400;88.90
4401;87.70
4402;169.60
4403;88.10
4404;86.90
4405;86.30
4406;87.50
4407;86.80
4408;88.70
4409;88.90
4410;89.10
4411;89.10
4412;89.10
4413;89.00
4414;89.00
4415;89.00
4416;89.00
4417;89.00
4418;88.80
4419;89.00
4420;88.90
4421;89.10
4422;89.00
4423;89.10
4424;89.00
4425;89.10
4426;89.20
4427;89.20
4428;89.00
4429;89.00
4430;88.80
4431;88.80
4432;88.80
4433;88.90
4434;89.20
4435;89.30
4436;89.20
4437;89.20
4438;89.20
4439;89.20
4440;88.90
4441;166.10
4442;92.00
4443;88.30
4444;87.30
4445;87.30
4446;88.90
4447;89.10
4448;88.60
4449;88.80
4450;88.80
4451;88.70
4452;88.70
4453;86.10
4454;85.90
4455;88.60
4456;89.10
4457;89.20
4458;88.90
4459;89.20
4460;88.80
4461;88.80
4462;88.90
4463;94.70
4464;87.30
4465;87.10
4466;87.20
4467;87.20
4468;89.30
4469;89.20
4470;89.10
4471;124.30
4472;88.10
4473;87.40
4474;113.80
4475;88.70
4476;99.10
4477;97.50
4478;89.00
4479;124.10
4480;88.30
4481;89.50
4482;91.80
4483;127.30
4484;88.30
4485;88.00
4486;87.90
4487;88.20
4488;87.50
4489;89.30
4490;89.20
4491;87.70
4492;88.30
4493;89.60
4494;89.30
4495;89.10
4496;88.80
4497;88.80
4498;88.90
4499;89.20
4500;89.10
4501;88.90
4502;89.00
4503;89.00
4504;89.30
4505;89.60
4506;89.20
4507;89.50
4508;89.50
4509;89.50
4510;88.90
4511;89.20
4512;88.80
4513;88.80
4514;88.90
4515;89.30
4516;170.10
4517;89.30
4518;87.90
4519;100.40
4520;87.90
4521;87.30
4522;88.80
4523;89.70
4524;89.60
4525;87.30
4526;85.90
4527;88.90
4528;89.20
4529;89.50
4530;88.80
4531;88.70
4532;89.10
4533;89.50
4534;89.10
4535;89.10
4536;102.00
4537;89.00
4538;89.00
4539;88.90
4540;88.80
4541;88.90
4542;89.30
4543;89.20
4544;89.30
4545;88.00
4546;89.00
4547;89.00
4548;89.00
4549;88.90
4550;89.00
4551;89.10
4552;89.10
4553;89.40
4554;89.50
4555;89.70
4556;89.50
4557;90.60
4558;88.60
4559;89.50
4560;89.50
4561;89.30
4562;89.40
4563;88.90
4564;89.30
4565;89.70
4566;89.60
4567;89.50
4568;89.50
4569;89.70
4570;89.50
4571;89.00
4572;89.30
4573;89.30
4574;89.50
4575;89.60
4576;90.50
4577;89.10
4578;93.80
4579;87.20
4580;87.50
4581;89.70
4582;89.30
4583;89.50
4584;89.50
4585;89.60
4586;89.40
4587;88.80
4588;88.70
4589;89.00
4590;89.10
4591;102.30
4592;151.60
4593;88.00
4594;87.60
4595;87.40
4596;87.30
4597;87.90
4598;89.90
4599;89.40
4600;89.40
4601;89.40
4602;89.40
4603;89.40
4604;88.60
4605;85.80
4606;89.20
4607;89.40
4608;89.30
4609;89.70
4610;89.20
4611;88.90
4612;89.50
4613;89.30
4614;89.40
4615;89.40
4616;89.30
4617;89.80
4618;89.00
4619;89.50
4620;89.60
4621;89.00
4622;88.90
4623;89.10
4624;88.70
4625;88.70
4626;89.00
4627;89.20
4628;89.00
4629;88.80
4630;89.70
4631;88.70
4632;89.10
4633;89.00
4634;121.20
4635;88.50
4636;87.40
4637;87.30
4638;87.30
4639;86.80
4640;88.80
4641;88.70
4642;88.80
4643;90.00
4644;88.80
4645;88.90
4646;88.80
4647;88.90
4648;88.80
4649;116.20
4650;87.30
4651;87.20
4652;87.20
4653;87.20
4654;89.00
4655;89.10
4656;89.20
4657;89.00
4658;89.20
4659;89.00
4660;151.00
4661;88.30
4662;88.40
4663;88.10
4664;87.90
4665;87.50
4666;139.60
4667;112.10
4668;87.50
4669;87.00
4670;86.90
4671;86.90
4672;88.40
4673;89.30
4674;89.30
4675;87.60
4676;85.80
4677;89.20
4678;89.30
4679;88.90
4680;89.10
4681;88.70
4682;89.00
4683;89.00
4684;89.00
4685;89.30
4686;88.90
4687;88.90
4688;88.80
4689;89.00
4690;88.90
4691;88.90
4692;88.90
4693;89.00
4694;89.50
4695;89.60
4696;89.60
4697;89.40
4698;89.70
4699;89.30
4700;89.20
4701;88.90
4702;88.90
4703;89.00
4704;90.30
4705;89.00
4706;89.20
4707;89.50
4708;85.50
4709;89.30
4710;88.80
4711;88.90
4712;89.50
4713;89.70
4714;89.60
4715;89.20
4716;89.30
4717;89.20
4718;88.60
4719;88.00
4720;88.70
4721;88.90
4722;88.70
4723;88.60
4724;88.80
4725;88.90
4726;88.70
4727;88.50
4728;89.30
4729;86.20
4730;89.20
4731;85.60
4732;89.20
4733;88.90
4734;89.30
4735;89.20
4736;89.40
4737;89.30
4738;89.10
4739;89.30
4740;89.40
4741;110.70
4742;141.90
4743;87.30
4744;87.10
4745;87.50
4746;88.50
4747;88.00
4748;89.10
4749;89.00
4750;89.30
4751;89.00
4752;89.50
4753;89.40
4754;89.20
4755;90.40
4756;89.60
4757;89.50
4758;89.40
4759;88.70
4760;89.50
4761;89.50
4762;89.50
4763;89.50
4764;89.60
4765;89.40
4766;89.30
4767;89.60
4768;89.50
4769;89.50
4770;88.90
4771;135.60
4772;86.80
4773;86.80
4774;84.00
4775;84.00
4776;85.40
4777;88.90
4778;89.50
4779;89.60
4780;89.50
4781;89.40
4782;89.40
4783;89.40
4784;88.80
4785;89.50
4786;89.70
4787;89.50
4788;89.00
4789;89.80
4790;89.50
4791;89.50
4792;89.10
4793;88.70
4794;89.00
4795;89.00
4796;89.20
4797;89.00
4798;89.00
4799;89.00
4800;89.00
4801;89.10
4802;88.80
4803;89.30
4804;89.00
4805;89.00
4806;89.10
4807;88.90
4808;88.90
4809;88.60
4810;89.20
4811;89.10
4812;89.30
4813;88.90
4814;89.30
4815;89.40
4816;89.70
4817;89.60
4818;167.00
4819;91.40
4820;87.80
4821;88.00
4822;87.80
4823;87.90
4824;89.20
4825;87.30
4826;90.70
4827;89.50
4828;88.90
4829;88.60
4830;89.00
4831;89.30
4832;90.00
4833;89.50
4834;89.40
4835;89.40
4836;89.30
4837;89.30
4838;89.40
4839;89.30
4840;89.30
4841;88.70
4842;89.00
4843;89.00
4844;89.60
4845;88.90
4846;88.90
4847;88.90
4848;89.40
4849;91.70
4850;96.00
4851;96.10
4852;92.20
4853;92.20
4854;93.30
4855;93.30
4856;93.10
4857;92.60
4858;92.10
4859;94.70
4860;92.50
4861;92.60
4862;92.60
4863;92.70
4864;92.60
4865;92.50
4866;92.30
4867;92.70
4868;92.50
4869;92.50
4870;92.60
4871;96.00
4872;89.40
4873;89.60
4874;89.40
4875;123.50
4876;87.70
4877;87.70
4878;87.40
4879;99.10
4880;88.70
4881;89.70
4882;89.40
4883;88.90
4884;89.30
4885;89.70
4886;89.40
4887;89.10
4888;89.00
4889;89.10
4890;89.20
4891;164.00
4892;93.70
4893;87.60
4894;87.80
4895;88.10
4896;87.70
4897;89.20
4898;89.50
4899;89.60
4900;89.50
4901;86.00
4902;86.40
4903;89.10
4904;89.20
4905;89.10
4906;89.20
4907;90.00
4908;89.00
4909;89.00
4910;89.00
4911;88.90
4912;89.00
4913;89.10
4914;89.40
4915;89.20
4916;89.70
4917;89.10
4918;88.90
4919;89.20
4920;92.90
4921;88.70
4922;88.90
4923;88.90
4924;89.00
4925;89.10
4926;89.30
4927;89.00
4928;89.10
4929;88.90
4930;89.00
4931;89.00
4932;90.50
4933;89.40
4934;88.90
4935;89.50
4936;89.60
4937;88.80
4938;89.30
4939;89.00
4940;88.90
4941;89.40
4942;89.60
4943;89.50
4944;88.90
4945;89.50
4946;89.00
4947;89.60
4948;89.50
4949;89.60
4950;89.20
4951;89.10
4952;89.20
4953;89.20
4954;89.10
4955;89.50
4956;89.00
4957;89.00
4958;88.90
4959;89.20
4960;88.90
4961;88.90
4962;88.90
4963;89.00
4964;89.60
4965;89.50
4966;168.60
4967;89.90
4968;87.30
4969;87.70
4970;88.10
4971;87.80
4972;89.50
4973;89.60
4974;89.00
4975;89.00
4976;85.80
4977;89.00
4978;89.20
4979;89.40
4980;89.00
4981;89.00
4982;88.90
4983;89.10
4984;89.10
4985;89.10
4986;89.40
4987;88.90
4988;88.90
4989;88.80
4990;88.80
4991;90.30
4992;89.00
4993;88.90
4994;89.50
4995;89.60
4996;88.90
4997;89.00
4998;88.90
4999;89.20
5000;88.90
5001;89.30
5002;89.20
5003;89.50
5004;89.00
5005;89.40
5006;89.90
5007;89.30
5008;89.50
5009;90.40
5010;106.10
5011;89.30
5012;89.50
5013;89.40
5014;89.40
5015;89.00
5016;89.50
5017;89.50
5018;89.50
5019;89.40
5020;89.60
5021;89.60
5022;89.40
5023;89.00
5024;89.40
5025;89.50
5026;89.30
5027;89.30
5028;89.50
5029;89.40
5030;89.30
5031;89.30
5032;89.50
5033;89.30
5034;88.90
5035;89.00
5036;89.10
5037;88.90
5038;88.90
5039;88.90
5040;89.00
5041;88.80
5042;88.70
5043;90.60
5044;163.90
5045;88.20
5046;87.70
5047;88.00
5048;87.60
5049;87.20
5050;88.90
5051;85.90
5052;88.50
5053;88.80
5054;89.20
5055;89.00
5056;88.90
5057;89.00
5058;89.00
5059;89.10
5060;89.00
5061;89.30
5062;89.50
5063;89.40
5064;89.30
5065;89.00
5066;89.00
5067;89.40
5068;89.50
5069;89.30
5070;88.90
5071;89.40
5072;89.40
5073;89.50
5074;89.30
5075;89.60
5076;89.40
5077;89.40
5078;89.40
5079;89.40
5080;89.70
5081;89.60
5082;89.80
5083;89.90
5084;88.50
5085;89.80
5086;89.90
5087;89.90
5088;89.00
5089;89.40
5090;89.40
5091;89.40
5092;89.40
5093;89.30
5094;89.30
5095;89.40
5096;89.40
5097;89.30
5098;89.20
5099;89.10
5100;90.00
5101;89.90
5102;89.60
5103;89.50
5104;89.50
5105;89.40
5106;89.30
5107;89.30
5108;89.40
5109;89.60
5110;90.00
5111;88.70
5112;88.80
5113;88.70
5114;89.50
5115;88.90
5116;88.90
5117;102.40
5118;150.80
5119;88.90
5120;88.80
5121;88.80
5122;90.40
5123;88.20
5124;88.00
5125;87.80
5126;84.80
5127;85.70
5128;89.40
5129;88.80
5130;89.20
5131;89.50
5132;89.60
5133;89.50
5134;89.40
5135;89.20
5136;89.30
5137;89.80
5138;89.80
5139;89.70
5140;89.80
5141;89.80
5142;89.80
5143;89.90
5144;89.70
5145;89.70
5146;89.80
5147;89.20
5148;89.80
5149;89.70
5150;89.70
5151;89.80
5152;89.80
5153;89.70
5154;89.60
5155;89.90
5156;89.80
5157;89.80
5158;89.70
5159;89.70
5160;86.00
5161;89.80
5162;89.80
5163;89.70
5164;90.20
5165;90.20
5166;90.10
5167;89.90
5168;89.80
5169;89.70
5170;89.70
5171;89.80
5172;89.90
5173;89.80
5174;89.80
5175;89.10
5176;90.00
5177;89.80
5178;89.80
5179;89.60
5180;89.80
5181;89.70
5182;89.60
5183;89.10
5184;89.80
5185;89.80
5186;89.70
5187;88.80
5188;88.80
5189;89.20
5190;89.10
5191;89.70
5192;129.30
5193;124.00
5194;86.90
5195;124.20
5196;88.10
5197;87.90
5198;87.40
5199;87.00
5200;88.10
5201;88.10
5202;90.70
5203;89.80
5204;89.90
5205;89.70
5206;89.10
5207;89.10
5208;90.10
5209;89.60
5210;89.60
5211;89.70
5212;89.60
5213;88.70
5214;89.80
5215;89.90
5216;89.90
5217;88.80
5218;89.90
5219;89.80
5220;89.80
5221;89.40
5222;89.40
5223;89.30
5224;90.20
5225;88.60
5226;90.30
5227;89.90
5228;89.80
5229;89.30
5230;89.70
5231;89.70
5232;89.70
5233;89.90
5234;89.80
5235;89.80
5236;89.40
5237;89.80
5238;89.90
5239;95.30
5240;95.70
5241;93.30
5242;93.30
5243;91.00
5244;92.50
5245;92.70
5246;92.90
5247;95.20
5248;93.40
5249;93.10
5250;93.10
5251;93.00
5252;93.00
5253;92.90
5254;93.40
5255;93.50
5256;93.50
5257;92.90
5258;93.40
5259;93.40
5260;96.90
5261;89.50
5262;91.80
5263;90.30
5264;90.30
5265;91.10
5266;92.90
5267;158.60
5268;99.20
5269;88.60
5270;88.30
5271;88.40
5272;88.40
5273;89.90
5274;90.40
5275;90.30
5276;89.10
5277;86.40
5278;90.20
5279;90.30
5280;90.80
5281;90.00
5282;90.30
5283;90.30
5284;90.30
5285;91.20
5286;90.20
5287;90.40
5288;90.40
5289;90.30
5290;90.40
5291;90.40
5292;90.30
5293;90.00
5294;90.30
5295;90.30
5296;90.20
5297;89.50
5298;89.60
5299;93.60
5300;92.00
5301;90.30
5302;89.90
5303;90.50
5304;90.20
5305;90.20
5306;90.40
5307;90.40
5308;90.40
5309;90.20
5310;90.30
5311;90.30
5312;90.30
5313;90.70
5314;89.60
5315;90.40
5316;90.30
5317;90.20
5318;90.00
5319;90.40
5320;90.30
5321;90.90
5322;90.40
5323;90.50
5324;89.40
5325;90.00
5326;89.80
5327;90.20
5328;90.00
5329;90.20
5330;89.70
5331;89.80
5332;90.00
5333;90.40
5334;90.30
5335;90.20
5336;90.40
5337;90.40
5338;90.40
5339;90.40
5340;90.40
5341;90.40
5342;90.10
5343;90.20
5344;90.40
5345;118.70
5346;134.70
5347;88.50
5348;88.30
5349;88.10
5350;88.50
5351;90.40
5352;87.00
5353;86.30
5354;90.80
5355;90.30
5356;90.20
5357;89.70
5358;89.70
5359;89.10
5360;89.10
5361;89.60
5362;89.30
5363;90.30
5364;90.30
5365;90.30
5366;89.00
5367;90.00
5368;90.20
5369;90.20
5370;90.20
5371;90.80
5372;89.80
5373;89.70
5374;90.50
5375;90.30
5376;90.20
5377;91.50
5378;87.10
5379;99.60
5380;96.00
5381;96.20
5382;89.10
5383;88.90
5384;88.50
5385;88.90
5386;88.50
5387;90.40
5388;90.40
5389;90.30
5390;126.10
5391;96.50
5392;88.60
5393;88.50
5394;88.30
5395;88.50
5396;90.30
5397;90.30
5398;90.30
5399;90.30
5400;89.90
5401;90.30
5402;90.20
5403;90.30
5404;90.50
5405;90.50
5406;90.40
5407;90.40
5408;89.40
5409;90.30
5410;90.10
5411;90.40
5412;90.40
5413;89.80
5414;90.50
5415;89.80
5416;90.10
5417;89.80
5418;116.10
5419;137.10
5420;87.70
5421;88.20
5422;87.70
5423;89.70
5424;89.40
5425;89.40
5426;89.70
5427;89.80
5428;86.40
5429;90.70
5430;90.60
5431;90.60
5432;89.90
5433;89.60
5434;90.40
5435;90.40
5436;90.40
5437;90.40
5438;90.40
5439;90.40
5440;89.70
5441;90.70
5442;90.80
5443;89.50
5444;89.00
5445;89.80
5446;90.40
5447;91.50
5448;89.60
5449;89.60
5450;89.60
5451;89.50
5452;90.10
5453;90.10
5454;90.10
5455;90.10
5456;89.50
5457;89.50
5458;89.50
5459;89.60
5460;89.80
5461;89.40
5462;89.40
5463;89.40
5464;90.20
5465;90.20
5466;90.10
5467;90.10
5468;89.50
5469;89.40
5470;89.40
5471;89.30
5472;89.50
5473;90.00
5474;89.60
5475;89.60
5476;89.60
5477;89.50
5478;89.60
5479;89.60
5480;90.00
5481;89.90
5482;90.40
5483;89.50
5484;89.50
5485;89.70
5486;90.10
5487;89.50
5488;89.50
5489;90.00
5490;90.10
5491;89.60
5492;89.60
5493;154.70
5494;87.80
5495;87.70
5496;87.90
5497;88.90
5498;91.40
5499;89.60
5500;89.50
5501;92.10
5502;86.40
5503;91.50
5504;90.90
5505;92.90
5506;91.70
5507;89.60
5508;89.00
5509;89.60
5510;91.00
5511;89.40
5512;89.60
5513;89.80
5514;90.20
5515;94.10
5516;90.10
5517;89.00
5518;93.00
5519;93.50
5520;89.20
5521;90.70
5522;89.10
5523;89.60
5524;89.50
5525;90.70
5526;89.90
5527;88.50
5528;90.90
5529;89.20
5530;91.00
5531;93.90
5532;94.10
5533;89.10
5534;94.10
5535;90.70
5536;89.70
5537;94.10
5538;93.00
5539;94.10
5540;93.40
5541;87.00
5542;93.00
5543;94.10
5544;94.10
5545;90.20
5546;93.70
5547;88.90
5548;89.40
5549;93.70
5550;94.10
5551;93.70
5552;94.20
5553;94.00
5554;94.10
5555;89.50
5556;89.70
5557;91.70
5558;94.10
5559;89.80
5560;94.00
5561;94.00
5562;94.20
5563;94.20
5564;94.20
5565;88.90
5566;93.90
5567;93.80
5568;168.50
5569;94.50
5570;92.30
5571;88.70
5572;92.80
5573;92.50
5574;89.80
5575;92.80
5576;92.40
5577;90.00
5578;94.10
5579;88.20
5580;86.80
5581;86.80
5582;86.50
5583;89.20
5584;87.80
5585;89.80
5586;89.80
5587;89.50
5588;89.60
5589;92.50
5590;92.60
5591;87.70
5592;86.60
5593;89.90
5594;94.20
5595;94.10
5596;89.50
5597;89.30
5598;89.30
5599;89.50
5600;92.70
5601;92.60
5602;90.60
5603;92.80
5604;92.80
5605;90.50
5606;93.20
5607;94.10
5608;94.10
5609;91.20
5610;92.60
5611;89.90
5612;89.90
5613;91.20
5614;92.60
5615;89.80
5616;89.40
5617;94.00
5618;91.30
5619;94.10
5620;94.20
5621;90.00
5622;94.10
5623;94.10
5624;89.10
5625;91.20
5626;94.20
5627;89.10
5628;95.00
5629;99.70
5630;97.20
5631;93.60
5632;92.60
5633;93.80
5634;95.60
5635;97.30
5636;97.30
5637;94.30
5638;96.30
5639;97.30
5640;97.30
5641;92.60
5642;93.60
5643;93.30
5644;93.30
5645;93.20
5646;93.20
5647;92.90
5648;94.70
5649;98.40
5650;143.20
5651;139.90
5652;88.00
5653;88.80
5654;87.40
5655;84.40
5656;91.80
5657;98.20
5658;94.00
5659;94.20
5660;92.60
5661;94.10
5662;94.20
5663;90.70
5664;94.10
5665;91.80
5666;91.90
5667;90.20
5668;93.70
5669;89.20
5670;94.10
5671;94.30
5672;91.00
5673;94.00
5674;94.20
5675;91.60
5676;93.10
5677;94.10
5678;89.90
5679;90.00
5680;86.80
5681;91.00
5682;92.60
5683;92.60
5684;92.30
5685;94.00
5686;91.80
5687;87.70
5688;87.90
5689;92.10
5690;94.10
5691;94.10
5692;94.00
5693;94.20
5694;92.10
5695;92.50
5696;94.10
5697;88.90
5698;94.20
5699;94.10
5700;89.70
5701;86.90
5702;87.40
5703;87.10
5704;92.60
5705;92.80
5706;92.70
5707;89.70
5708;94.10
5709;94.10
5710;89.60
5711;92.30
5712;94.10
5713;93.60
5714;89.30
5715;91.00
5716;94.10
5717;89.60
5718;89.30
5719;89.50
5720;93.50
5721;88.30
5722;88.00
5723;88.10
5724;87.70
5725;89.50
5726;89.60
5727;90.20
5728;89.60
5729;86.60
5730;86.50
5731;89.90
5732;90.10
5733;90.20
5734;89.40
5735;89.70
5736;89.20
5737;89.50
5738;89.40
5739;89.70
5740;89.60
5741;89.70
5742;89.20
5743;89.60
5744;89.70
5745;93.30
5746;94.70
5747;89.90
5748;89.50
5749;89.60
5750;89.50
5751;89.70
5752;89.60
5753;89.40
5754;90.00
5755;90.10
5756;89.00
5757;89.80
5758;89.50
5759;89.60
5760;90.10
5761;90.10
5762;89.60
5763;89.70
5764;89.60
5765;89.70
5766;89.90
5767;89.80
5768;89.70
5769;90.00
5770;89.60
5771;89.50
5772;89.30
5773;89.40
5774;89.40
5775;89.50
5776;89.70
5777;92.80
5778;94.00
5779;90.20
5780;92.70
5781;92.70
5782;91.60
5783;89.70
5784;89.20
5785;89.60
5786;91.40
5787;91.50
5788;89.50
5789;90.40
5790;91.40
5791;90.90
5792;89.70
5793;89.30
5794;89.50
5795;90.40
5796;90.40
5797;90.40
5798;161.50
5799;87.90
5800;88.20
5801;88.50
5802;88.40
5803;89.40
5804;89.20
5805;86.20
5806;136.20
5807;88.00
5808;88.70
5809;88.90
5810;89.00
5811;88.20
5812;89.70
5813;90.50
5814;90.40
5815;90.40
5816;91.20
5817;90.50
5818;90.40
5819;90.50
5820;89.60
5821;90.40
5822;90.40
5823;90.30
5824;89.20
5825;90.50
5826;90.50
5827;90.40
5828;89.40
5829;90.50
5830;90.40
5831;90.00
5832;91.30
5833;91.50
5834;91.40
5835;92.70
5836;92.70
5837;90.50
5838;90.00
5839;94.10
5840;93.70
5841;89.80
5842;94.10
5843;90.20
5844;89.90
5845;90.20
5846;89.50
5847;89.50
5848;89.00
5849;89.60
5850;90.20
5851;88.00
5852;88.80
5853;90.10
5854;91.90
5855;94.20
5856;89.80
5857;92.70
5858;92.70
5859;89.60
5860;91.50
5861;91.50
5862;91.50
5863;90.20
5864;94.00
5865;94.00
5866;92.00
5867;94.10
5868;89.10
5869;90.30
5870;126.60
5871;125.40
5872;84.70
5873;106.40
5874;92.30
5875;92.10
5876;88.00
5877;86.40
5878;88.70
5879;88.50
5880;91.90
5881;90.70
5882;90.00
5883;90.20
5884;94.10
5885;94.10
5886;89.30
5887;88.70
5888;92.60
5889;93.50
5890;93.70
5891;94.20
5892;87.90
5893;86.80
5894;87.00
5895;92.50
5896;89.60
5897;89.50
5898;89.60
5899;89.40
5900;89.50
5901;89.60
5902;93.50
5903;89.20
5904;89.80
5905;89.50
5906;89.70
5907;89.60
5908;89.90
5909;89.60
5910;89.70
5911;89.50
5912;87.30
5913;87.60
5914;87.10
5915;91.70
5916;86.30
5917;136.90
5918;88.00
5919;88.50
5920;87.50
5921;87.50
5922;88.30
5923;89.50
5924;91.80
5925;91.30
5926;89.60
5927;91.00
5928;89.80
5929;94.50
5930;93.00
5931;87.20
5932;92.20
5933;90.60
5934;89.60
5935;90.10
5936;89.50
5937;89.30
5938;92.70
5939;89.20
5940;91.30
5941;91.30
5942;88.90
5943;90.30
5944;93.40
5945;89.30
5946;160.80
5947;86.60
5948;92.00
5949;89.50
5950;89.30
5951;92.60
5952;88.90
5953;91.50
5954;92.70
5955;86.20
5956;89.80
5957;90.60
5958;94.00
5959;89.50
5960;92.60
5961;91.30
5962;94.00
5963;93.40
5964;94.10
5965;92.20
5966;91.90
5967;94.10
5968;94.10
5969;93.40
5970;93.90
5971;89.20
5972;90.30
5973;94.10
5974;89.60
5975;90.10
5976;94.10
5977;89.30
5978;89.20
5979;86.90
5980;86.80
5981;91.70
5982;90.30
5983;90.70
5984;90.10
5985;92.60
5986;92.60
5987;88.70
5988;90.80
5989;90.80
5990;90.30
5991;91.80
5992;90.00
5993;89.20
5994;90.80
5995;90.00
5996;89.30
5997;91.70
5998;94.10
5999;89.50
6000;90.50
6001;94.10
6002;90.10
6003;94.10
6004;86.70
6005;89.60
6006;88.50
6007;86.70
6008;86.80
6009;92.90
6010;89.60
6011;91.20
6012;94.10
6013;91.60
6014;90.00
6015;134.70
6016;89.30
6017;88.90
6018;88.00
6019;93.60
6020;94.40
6021;92.90
6022;93.10
6023;92.70
6024;93.30
6025;92.60
6026;92.60
6027;94.70
6028;171.40
6029;91.80
6030;91.70
6031;88.10
6032;90.10
6033;92.90
6034;93.10
6035;92.50
6036;92.70
6037;93.00
6038;93.00
6039;93.00
6040;96.90
6041;90.00
6042;89.50
6043;89.60
6044;89.30
6045;89.50
6046;89.70
6047;89.50
6048;89.70
6049;89.80
6050;89.60
6051;88.20
6052;87.90
6053;87.60
6054;87.60
6055;89.20
6056;89.60
6057;89.70
6058;90.00
6059;89.90
6060;89.60
6061;89.90
6062;90.00
6063;86.20
6064;89.50
6065;89.70
6066;89.70
6067;89.70
6068;89.60
6069;90.30
6070;90.00
6071;89.60
6072;89.40
6073;90.00
6074;90.10
6075;90.10
6076;89.70
6077;90.00
6078;90.10
6079;90.10
6080;90.10
6081;89.90
6082;89.70
6083;90.20
6084;90.00
6085;89.90
6086;89.90
6087;89.70
6088;89.60
6089;90.20
6090;90.10
6091;89.90
6092;90.10
6093;89.90
6094;89.70
6095;89.70
6096;89.80
6097;120.60
6098;87.80
6099;88.00
6100;87.60
6101;87.70
6102;89.30
6103;89.70
6104;89.90
6105;90.20
6106;89.80
6107;86.30
6108;94.40
6109;89.90
6110;90.20
6111;89.70
6112;89.70
6113;94.90
6114;89.70
6115;90.20
6116;90.20
6117;89.60
6118;90.10
6119;90.10
6120;90.00
6121;89.60
6122;90.10
6123;89.70
6124;89.80
6125;89.90
6126;89.60
6127;89.80
6128;90.20
6129;90.00
6130;89.60
6131;89.70
6132;89.50
6133;90.00
6134;89.70
6135;89.50
6136;89.80
6137;89.90
6138;89.50
6139;90.00
6140;90.30
6141;90.10
6142;89.40
